date,price_brent,production_kbpd,price_brent_lag_1,price_brent_lag_2,price_brent_lag_3,price_brent_lag_6,price_brent_lag_12,price_brent_rmean_3,price_brent_rstd_3,price_brent_rmean_6,price_brent_rstd_6,price_brent_rmean_12,price_brent_rstd_12,month_sin,month_cos,year,yoy_pct_change,prod_price_ratio
2008-07-01,134.0995452187278,8314.32848852329,133.7847638811384,124.38095092773438,110.4418171969327,92.11238098144531,76.39500045776367,130.75508667586686,5.522406787293044,116.69309613033806,16.565777802020566,100.54806882666048,21.0980407094432,-0.4999999999999997,-0.8660254037844388,2008,75.5344517510241,62.00116842277064
2008-08-01,115.28571464901879,8208.994745606195,134.0995452187278,133.7847638811384,124.38095092773438,94.65250015258789,71.2586958512016,127.72334124962832,10.772450436867523,120.13196521307653,12.785639593699202,104.21698705981193,19.292485212975517,-0.8660254037844385,-0.5000000000000004,2008,61.78476643714043,71.20565432237673
2008-09-01,100.46285683768136,8366.255459419659,115.28571464901879,134.0995452187278,133.7847638811384,102.79899940490722,77.13526314183285,116.61603890180932,16.857758548338467,119.7426081185389,13.437971766552547,106.16095320113264,17.397819909594546,-1.0,-1.8369701987210297e-16,2008,30.24245039905391,83.27710083874167
2008-10-01,74.01909082586116,8468.202461192928,100.46285683768136,115.28571464901879,134.0995452187278,110.4418171969327,82.45695661461872,96.58922077085377,20.904242457553206,113.6721537233603,23.177265794118277,105.45779771873617,18.573716142739954,-0.8660254037844386,0.5000000000000001,2008,-10.233055081324238,114.40565355112773
2008-11-01,54.98888905843099,8421.87295820875,74.01909082586116,100.46285683768136,115.28571464901879,124.38095092773438,92.06095268612816,76.49027890732451,22.837480471749668,102.10681007847641,32.287559278707384,102.36845908309475,23.448045801357942,-0.5000000000000004,0.8660254037844384,2008,-40.26904191844544,153.15590299086966
2008-12-01,42.98047601609003,8746.862471984065,54.98888905843099,74.01909082586116,100.46285683768136,133.7847638811384,91.3939998626709,57.329485300127395,15.651124413354902,86.97276210096834,35.582654747223245,98.33399876254634,29.012678588346223,-2.4492935982947064e-16,1.0,2008,-52.972321946000044,203.50780825949013
2009-01-01,45.824736745733965,8602.646398093593,42.98047601609003,54.98888905843099,74.01909082586116,134.0995452187278,92.11238098144531,47.931367273418324,6.275262152610793,72.26029402213605,30.013705522921228,94.47669507623708,32.75120993819462,0.49999999999999994,0.8660254037844387,2009,-50.25127321921612,187.72931410008488
2009-02-01,44.552222145928276,8732.753532646739,45.824736745733965,42.98047601609003,54.98888905843099,115.28571464901879,94.65250015258789,44.45247830258409,1.4247513468169282,60.47137860495429,22.745513240106394,90.30167190901541,35.78002432180038,0.8660254037844386,0.5000000000000001,2009,-52.930749769835664,196.0116266264587
2009-03-01,48.008636474609375,8716.306253170913,44.552222145928276,45.824736745733965,42.98047601609003,100.46285683768136,102.79899940490722,46.12853178875721,1.7481185812171038,51.7290085444423,11.69802775939985,85.7358083314906,37.495046793323176,1.0,6.123233995736766e-17,2009,-53.298537191483966,181.55704667389918
2009-04-01,51.98555586073134,8372.70583859575,48.008636474609375,44.552222145928276,45.824736745733965,74.01909082586116,110.4418171969327,48.182138160422994,3.719702898772524,48.05675271692066,4.615723963473536,80.86445322014049,37.78960334981352,0.8660254037844387,-0.4999999999999998,2009,-52.92946351287026,161.05831129373945
2009-05-01,58.59947345131322,8554.668967200181,51.98555586073134,48.008636474609375,44.552222145928276,54.98888905843099,124.38095092773438,52.864555262217976,5.349853916476125,48.65851678240103,5.78698997438221,75.38266343043873,35.611590113444976,0.49999999999999994,-0.8660254037844387,2009,-52.8870996609765,145.98542381626928
2009-06-01,69.27090904929422,8297.581717575258,58.59947345131322,51.98555586073134,48.008636474609375,42.98047601609003,133.7847638811384,59.95197945377959,8.721686366659082,53.04025562126841,9.43269867350969,70.00650886111838,30.495529633063022,1.2246467991473532e-16,-1.0,2009,-48.22212407472779,119.7845073993554
2009-07-01,65.90047600155785,8572.432391691165,69.27090904929422,58.59947345131322,51.98555586073134,45.824736745733965,134.0995452187278,64.59028616738844,5.455028183394771,56.38621216390572,9.909874124339535,64.32325309302088,22.86541661431847,-0.4999999999999997,-0.8660254037844388,2009,-50.85704735682097,130.08149427461674
2009-08-01,73.05714380173455,8808.812510694046,65.90047600155785,69.27090904929422,58.59947345131322,44.552222145928276,115.28571464901879,69.40950961752888,3.580346503993011,61.13703243987343,9.934615321808582,60.80420552241386,16.737557266721815,-0.8660254037844385,-0.5000000000000004,2009,-36.629491325830664,120.57427997184998
2009-09-01,68.2675006866455,8598.814668487268,73.05714380173455,65.90047600155785,69.27090904929422,48.008636474609375,100.46285683768136,69.07504016331264,3.6460339418744545,64.51350980854612,7.79189461212201,58.12125917649421,11.591994860271575,-1.0,-1.8369701987210297e-16,2009,-32.047024307754,125.95766040940428
2009-10-01,73.90904708135696,8648.597387444059,68.2675006866455,73.05714380173455,65.90047600155785,51.98555586073134,74.01909082586116,71.744563856579,3.0412022318873144,68.16742501198372,5.563955802750695,58.1120888644522,11.57831036459603,-0.8660254037844386,0.5000000000000001,2009,-0.14866940849501686,117.01676220942115
2009-11-01,77.6125,8789.136100103164,73.90904708135696,68.2675006866455,73.05714380173455,58.59947345131322,54.98888905843099,73.26301592266749,4.705876138950634,71.33626277009817,4.294241933408471,59.99738977624961,12.800885349277443,-0.5000000000000004,0.8660254037844384,2009,41.14214949410824,113.24382155069304
2009-12-01,75.20909049294211,8869.477980142841,77.6125,73.90904708135696,68.2675006866455,69.27090904929422,42.98047601609003,75.57687919143302,1.878920507951997,72.32595967737284,4.405875115851437,62.68310764932062,12.276188488390925,-2.4492935982947064e-16,1.0,2009,74.98431256272518,117.93092991830801
2010-01-01,77.00842124537418,8757.242393904153,75.20909049294211,77.6125,73.90904708135696,65.90047600155785,45.824736745733965,76.61000391277209,1.2502586103844349,74.17728388467555,3.3803217487916606,65.28174802429064,11.668635506226263,0.49999999999999994,0.8660254037844387,2010,68.04989338546117,113.71798372545122
2010-02-01,74.90999924509148,8794.302538947182,77.00842124537418,75.20909049294211,77.6125,73.05714380173455,44.552222145928276,75.7091703278026,1.1350786773352504,74.48609312523503,3.341941194528068,67.81156278255423,9.926630968554068,0.8660254037844386,0.5000000000000001,2010,68.13975967288013,117.39824626314402
2010-03-01,79.93130426821502,8992.077804300317,74.90999924509148,77.00842124537418,75.20909049294211,68.2675006866455,48.008636474609375,77.28324158622691,2.5219081463485726,76.43006038882996,2.197645780429464,70.47178509868803,8.277729576238656,1.0,6.123233995736766e-17,2010,66.49359394010031,112.49757384324393
2010-04-01,85.75380961100261,8995.4870421837,79.93130426821502,74.90999924509148,77.00842124537418,73.90904708135696,51.98555586073134,80.19837104143637,5.426836031149084,78.40418747710423,4.033409470380052,73.28580624454396,7.074306249028633,0.8660254037844387,-0.4999999999999998,2010,64.95699274763167,104.89897863417531
2010-05-01,76.66473669754832,9000.765587466332,85.75380961100261,79.93130426821502,74.90999924509148,77.6125,58.59947345131322,80.78328352558866,4.604043125098502,78.24622692669563,4.088793722332762,74.7912448483969,5.385473334211775,0.49999999999999994,-0.8660254037844387,2010,30.8283712843332,117.40424574828246
2010-06-01,75.54863565618342,9142.740419070587,76.66473669754832,85.75380961100261,79.93130426821502,75.20909049294211,69.27090904929422,79.3223939882448,5.59765581008,78.30281778723584,4.040414738896728,75.31438873230432,5.097699415067674,1.2246467991473532e-16,-1.0,2010,9.062572865070795,121.01794214628259
2010-07-01,75.50899963378906,9184.134580978043,75.54863565618342,76.66473669754832,85.75380961100261,77.00842124537418,65.90047600155785,75.90745732917361,0.656122538014332,78.05291418530499,4.180430669604908,76.11509903499027,4.151389791658284,-0.4999999999999997,-0.8660254037844388,2010,14.58035543173326,121.62966832457268
2010-08-01,77.1149999445135,9275.555950819877,75.50899963378906,75.54863565618342,76.66473669754832,74.90999924509148,73.05714380173455,76.057545078162,0.9159971885020877,78.42041430187533,3.9388179370073417,76.45325371355518,4.043523866019652,-0.8660254037844385,-0.5000000000000004,2010,5.5543591380896595,120.28212354916568
2010-09-01,78.49095226469494,9555.14774181632,77.1149999445135,75.50899963378906,75.54863565618342,79.93130426821502,68.2675006866455,77.03831728099917,1.492454537465886,78.18035563462198,3.871636652268026,77.30520801172597,3.137553868562854,-1.0,-1.8369701987210297e-16,2010,14.975576189578232,121.73565826534384
2010-10-01,83.53619021461124,9348.375049158953,78.49095226469494,77.1149999445135,75.50899963378906,85.75380961100261,73.90904708135696,79.71404747460656,3.380812408368649,77.81075240189007,3.015160740454931,78.10746993949716,3.4092711404234324,-0.8660254037844386,0.5000000000000001,2010,13.025662639997226,111.90808468930915
2010-11-01,86.16238040015811,9390.228457046424,83.53619021461124,78.49095226469494,77.1149999445135,76.66473669754832,77.6125,82.72984095982143,3.8987628486377197,79.39369301899171,4.446529066522352,78.81995997284366,4.116478078903315,-0.5000000000000004,0.8660254037844384,2010,11.016112610930096,108.98292750775943
2010-12-01,92.18590823086825,9694.635695293173,86.16238040015811,83.53619021461124,78.49095226469494,75.54863565618342,75.20909049294211,87.29482628187922,4.434662410653107,82.16657178143917,6.3495081354925205,80.2346947843375,5.460534513530882,-2.4492935982947064e-16,1.0,2010,22.57282680412058,105.16396574424533
2011-01-01,96.78631591796875,9510.31592271057,92.18590823086825,86.16238040015811,83.53619021461124,75.50899963378906,77.00842124537418,91.71153484966504,5.327830144650328,85.71279116213579,7.688184286991109,81.8828526737204,7.128317645273629,0.49999999999999994,0.8660254037844387,2011,25.682768654061473,98.26095592656961
2011-02-01,103.94210494192023,9871.38673708127,96.78631591796875,92.18590823086825,86.16238040015811,77.1149999445135,74.90999924509148,97.6381096969191,5.924204989585641,90.18397532837025,9.316413774874851,84.30219481512279,9.178499411421253,0.8660254037844386,0.5000000000000001,2011,38.75598183073148,94.97004839951151
2011-03-01,114.64954514936967,9711.696263254566,103.94210494192023,96.78631591796875,92.18590823086825,78.49095226469494,79.93130426821502,105.12598866975289,8.99026835829527,96.21040747581606,11.643949844063567,87.195381555219,12.53396839095375,1.0,6.123233995736766e-17,2011,43.435098675051265,84.70767372519279
2011-04-01,123.05052586605674,9813.860742165312,114.64954514936967,103.94210494192023,96.78631591796875,83.53619021461124,85.75380961100261,113.88072531911554,9.57738223639634,102.7961300843903,13.981656255327863,90.30344124314018,16.224831764014134,0.8660254037844387,-0.4999999999999998,2011,43.49278058227375,79.75472411103647
2011-05-01,114.51428622291202,9963.035393736904,123.05052586605674,114.64954514936967,103.94210494192023,86.16238040015811,76.66473669754832,117.40478574611284,4.889822069437406,107.52144772151594,11.866721133568811,93.45757037025383,16.993221134597643,0.49999999999999994,-0.8660254037844387,2011,49.3702204635291,87.00255419959558
2011-06-01,113.90181801535867,10090.573163449571,114.51428622291202,123.05052586605674,114.64954514936967,92.18590823086825,75.54863565618342,117.15554336810915,5.114381029474569,111.140766018931,9.284706956051554,96.6536689001851,16.925295698364643,1.2246467991473532e-16,-1.0,2011,50.766214407521424,88.59009750036601
2011-07-01,117.11823541977826,10134.639838200148,113.90181801535867,114.51428622291202,123.05052586605674,96.78631591796875,75.50899963378906,115.17811321934965,1.7078743925607345,114.5294192692326,6.193722530613331,100.12110521568421,16.455300468163504,-0.4999999999999997,-0.8660254037844388,2011,55.105002036564834,86.53340619311165
2011-08-01,109.91476149786087,10060.56375736931,117.11823541977826,113.90181801535867,114.51428622291202,103.94210494192023,77.1149999445135,113.64493831099928,3.6086007707727195,115.52486202855603,4.360490749678709,102.85441867846315,14.940879985853604,-0.8660254037844385,-0.5000000000000004,2011,42.533568795886346,91.5305971670157
2011-09-01,110.19449996948242,10111.02853974026,109.91476149786087,117.11823541977826,113.90181801535867,114.64954514936967,78.49095226469494,112.40916562904052,4.08057191134489,114.78235449857482,4.8868818962507685,105.49638098719544,12.905487070669183,-1.0,-1.8369701987210297e-16,2011,40.39134039025753,91.75619965189222
2011-10-01,109.0895004272461,10266.696717526598,110.19449996948242,109.91476149786087,117.11823541977826,123.05052586605674,83.53619021461124,109.7329206315298,0.5745046323466987,112.45551692543972,3.1927719775891408,107.625823504915,10.905852411977623,-0.8660254037844386,0.5000000000000001,2011,30.58950874703088,94.11260182984941
2011-11-01,110.82263103284333,10311.166288667762,109.0895004272461,110.19449996948242,109.91476149786087,114.51428622291202,86.16238040015811,110.03554380985729,0.8774313189804329,111.84024106042828,3.0700281263214544,109.6808443909721,8.566194888281025,-0.5000000000000004,0.8660254037844384,2011,28.620670086129564,93.04206363420438
2011-12-01,107.72285643078033,10287.927227132355,110.82263103284333,109.0895004272461,110.19449996948242,113.90181801535867,92.18590823086825,109.21166263028992,1.5534939165600923,110.81041412966522,3.2700109811875318,110.97559007429811,6.638874305567596,-2.4492935982947064e-16,1.0,2011,16.853929736204055,95.50366159983037
2012-01-01,111.46499977111816,10484.28736898086,107.72285643078033,110.82263103284333,109.0895004272461,117.11823541977826,96.78631591796875,110.00349574491395,2.0010362714999115,109.86820818822186,1.325007154915065,112.19881372872722,4.915373656000931,0.49999999999999994,0.8660254037844387,2012,15.166073544518754,94.05900857228062
2012-02-01,119.01050071716308,10624.294354419377,111.46499977111816,107.72285643078033,110.82263103284333,109.91476149786087,103.94210494192023,112.73278563968718,5.749625130422524,111.38416472477223,3.964059029649256,113.45451337666412,4.523417255365594,0.8660254037844386,0.5000000000000001,2012,14.496912279833673,89.27190701994245
2012-03-01,124.544545953924,10594.980804596864,119.01050071716308,111.46499977111816,107.72285643078033,110.19449996948242,114.64954514936967,118.34001548073508,6.565500356122177,113.7758390555125,6.573104520596345,114.27909677704368,5.547118896281065,1.0,6.123233995736766e-17,2012,8.63064985706028,85.06980954843691
2012-04-01,120.48650016784669,10832.679966046117,124.544545953924,119.01050071716308,111.46499977111816,109.0895004272461,123.05052586605674,121.3471822796446,2.8656577680887954,115.67533901227927,6.594711783007541,114.06542796885948,5.218166212392842,0.8660254037844387,-0.4999999999999998,2012,-2.0837177900410286,89.90783159072083
2012-05-01,110.43318245627664,10764.23625551293,120.48650016784669,124.544545953924,119.01050071716308,110.82263103284333,114.51428622291202,118.48807619268246,7.264841273494476,115.61043091618482,6.653679730239815,113.72533598830654,5.318284308875551,0.49999999999999994,-0.8660254037844387,2012,-3.563838103737693,97.4728429996552
2012-06-01,95.92714327857608,10766.302439903247,110.43318245627664,120.48650016784669,124.544545953924,107.72285643078033,113.90181801535867,108.94894196756648,12.346770025998184,113.64447872415077,10.231182166268722,112.22744642690799,7.391309811709596,1.2246467991473532e-16,-1.0,2012,-15.780849726523993,112.23416096774085
2012-07-01,102.86428615025112,10867.02578679177,95.92714327857608,110.43318245627664,120.48650016784669,111.46499977111816,117.11823541977826,103.07487062836795,7.255312021068755,112.21102645400627,11.158128459162217,111.03961732111406,7.673826624182593,-0.4999999999999997,-0.8660254037844388,2012,-12.1705635492524,105.64430273611772
2012-08-01,112.67826113493547,10857.78681593981,102.86428615025112,95.92714327857608,110.43318245627664,119.01050071716308,109.91476149786087,103.8232301879209,8.416630418994798,111.15565319030168,10.675408518582362,111.26990895753694,7.678465801482755,-0.8660254037844385,-0.5000000000000004,2012,2.514220655547139,96.36097244114636
2012-09-01,112.61470525404987,10871.24424382476,112.67826113493547,102.86428615025112,95.92714327857608,124.544545953924,110.19449996948242,109.38575084641217,5.647843497739324,109.1673464069893,8.59031938282456,111.4715927312509,7.679435728338584,-1.0,-1.8369701987210297e-16,2012,2.196303159629287,96.53485501116478
2012-10-01,111.62105279219777,11122.18342135996,112.61470525404987,112.67826113493547,102.86428615025112,120.48650016784669,109.0895004272461,112.30467306039436,0.5928847618361357,107.68977184438116,6.8376313022732775,111.6825554283302,7.642732588501828,-0.8660254037844386,0.5000000000000001,2012,2.320619633454113,99.64234472923187
2012-11-01,109.46200065612793,11032.60996189269,111.62105279219777,112.61470525404987,112.67826113493547,110.43318245627664,110.82263103284333,111.23258623412521,1.6118518140625813,107.52790821102303,6.770868530551128,111.56916956360392,7.666705425476783,-0.5000000000000004,0.8660254037844384,2012,-1.2277549847306668,100.78940541705748
2012-12-01,109.30277803209093,11162.004963320423,109.46200065612793,111.62105279219777,112.61470525404987,95.92714327857608,107.72285643078033,110.12861049347221,1.29494245905828,109.75718066994217,3.6872153443300224,111.70082969704647,7.607989138583871,-2.4492935982947064e-16,1.0,2012,1.4666540172241227,102.12004822094546
2013-01-01,112.26809583391461,11264.295993555406,109.30277803209093,109.46200065612793,111.62105279219777,102.86428615025112,111.46499977111816,110.34429150737783,1.6679644109225547,111.3244822838861,1.5512497531969118,111.7677543689462,7.609258202028268,0.49999999999999994,0.8660254037844387,2013,0.7204916919620885,100.33390082806251
2013-02-01,116.08263156288548,11391.21250090189,112.26809583391461,109.30277803209093,109.46200065612793,112.67826113493547,119.01050071716308,112.55116847629701,3.3987793493264005,111.8918773552111,2.4862631946709985,111.52376527275639,7.399971355116137,0.8660254037844386,0.5000000000000001,2013,-2.4601771580105236,98.13020559178936
2013-03-01,109.52052588211863,11470.339438393312,116.08263156288548,112.26809583391461,109.30277803209093,112.61470525404987,124.544545953924,112.62375109297291,3.295478074401609,111.37618079322256,2.6234592941075006,110.27176360010593,6.1645428708441745,1.0,6.123233995736766e-17,2013,-12.063169813444574,104.73232616449725
2013-04-01,103.56681893088601,11491.506825139331,109.52052588211863,116.08263156288548,112.26809583391461,111.62105279219777,120.48650016784669,109.72332545863004,6.260370373309062,110.03380848300394,4.111619710643927,108.86179016369255,5.516723464681948,0.8660254037844387,-0.4999999999999998,2013,-14.04280248275972,110.95741805884799
2013-05-01,103.21545514193448,11323.24308151423,103.56681893088601,109.52052588211863,116.08263156288548,109.46200065612793,110.43318245627664,105.43426665164638,3.543162429527162,108.99271756397171,4.983710254567882,108.26031288749738,5.719560870929013,0.49999999999999994,-0.8660254037844387,2013,-6.535832033274813,109.7049183762579
2013-06-01,103.1426319323088,11600.20887619919,103.21545514193448,103.56681893088601,109.52052588211863,109.30277803209093,95.92714327857608,103.30830200170976,0.22682384568092448,107.96602654734134,5.513431549399083,108.86160360864176,4.568589612277943,1.2246467991473532e-16,-1.0,2013,7.5218425224846674,112.46764464777533
2013-07-01,107.49190484909784,11601.935270811147,103.1426319323088,103.21545514193448,103.56681893088601,112.26809583391461,102.86428615025112,104.61666397444704,2.4902978477309645,107.16999471653855,5.097148780130044,109.2472385002123,4.196489964672563,-0.4999999999999997,-0.8660254037844388,2013,4.498761301942333,107.93310702883615
2013-08-01,110.51190512520927,11751.638293752076,107.49190484909784,103.1426319323088,103.21545514193448,116.08263156288548,112.67826113493547,107.04881396887197,3.7045639411415694,106.24154031025917,3.3605277130649682,109.06670883273513,4.080465460101538,-0.8660254037844385,-0.5000000000000004,2013,-1.9226033379517005,106.33821107723685
2013-09-01,111.32000054253473,11953.959139520482,110.51190512520927,107.49190484909784,103.1426319323088,109.52052588211863,112.61470525404987,109.77460350561394,2.0177436453183497,106.54145275366186,3.767361401816495,108.95881677344221,3.9943316501829527,-1.0,-1.8369701987210297e-16,2013,-1.1496764197840625,107.38375028082167
2013-10-01,109.50227321277966,12001.57891495298,111.32000054253473,110.51190512520927,107.49190484909784,103.56681893088601,111.62105279219777,110.44472629350788,0.9107238373447162,107.53069513397746,3.605869330659062,108.7822518084907,3.9119314072800373,-0.8660254037844386,0.5000000000000001,2013,-1.8981899260192447,109.60118509715389
2013-11-01,107.72105327405427,12001.43963216664,109.50227321277966,111.32000054253473,110.51190512520927,103.21545514193448,109.46200065612793,109.5144423431229,1.799504494611603,108.28162815599741,2.9340417774852847,108.63717285998456,3.916710002794944,-0.5000000000000004,0.8660254037844384,2013,-1.5904582153059676,111.41220093377338
2013-12-01,110.85400009155273,12105.691175689512,107.72105327405427,109.50227321277966,111.32000054253473,103.1426319323088,109.30277803209093,109.35910885946224,1.571372318823796,109.56685618253807,1.6333985714858026,108.7664413649397,3.9659638090190885,-2.4492935982947064e-16,1.0,2013,1.4191972860986057,109.20391835830547
2014-01-01,107.19949951171876,11936.391015911837,110.85400009155273,107.72105327405427,109.50227321277966,107.49190484909784,112.26809583391461,108.59151762577527,1.9766448246248216,109.51812195964158,1.710243192677498,108.34405833809005,3.8265863255265713,0.49999999999999994,0.8660254037844387,2014,-4.514725474362868,111.34745097020703
2014-02-01,108.70611148410373,12208.384095883071,107.19949951171876,110.85400009155273,107.72105327405427,110.51190512520927,116.08263156288548,108.91987036245841,1.836603731227811,109.21715635279064,1.6584892609645008,107.72934833152492,2.9661964961690024,0.8660254037844386,0.5000000000000001,2014,-6.354542431944843,112.30632693239444
2014-03-01,107.85761878603981,12329.941293473876,108.70611148410373,107.19949951171876,110.85400009155273,111.32000054253473,109.52052588211863,107.92107659395411,0.7553079364563705,108.64009272670815,1.3550872504347355,107.590772740185,2.9132805025248514,1.0,6.123233995736766e-17,2014,-1.5183520008556939,114.31683206295448
2014-04-01,108.05190531412761,12240.264725669584,107.85761878603981,108.70611148410373,107.19949951171876,109.50227321277966,103.56681893088601,108.20521186142372,0.44453586778957616,108.39836474359949,1.2987164445176331,107.96452993878847,2.6233798778673125,0.8660254037844387,-0.4999999999999998,2014,4.330620974498278,113.2813409452132
2014-05-01,109.21952420189267,12443.598512229091,108.05190531412761,107.85761878603981,108.70611148410373,107.72105327405427,103.21545514193448,108.37634943402003,0.7366441343237052,108.64810989823923,1.2864399085751006,108.46486902711831,2.168379590934047,0.49999999999999994,-0.8660254037844387,2014,5.817025223307715,113.93199707798632
2014-06-01,111.98047601609002,12419.300849842915,109.21952420189267,108.05190531412761,107.85761878603981,110.85400009155273,103.1426319323088,109.7506351773701,2.017418174619613,108.83585588566211,1.6912633890412612,109.2013560341001,1.6305296970972725,1.2246467991473532e-16,-1.0,2014,8.568565604939572,110.90594799809956
2014-07-01,107.98590885509144,12655.060810162806,111.98047601609002,109.21952420189267,108.05190531412761,107.19949951171876,107.49190484909784,109.72863635769137,2.045369915521473,108.96692410955752,1.5648344162816088,109.24252303459956,1.5891578630940573,-0.4999999999999997,-0.8660254037844388,2014,0.45957321780381033,117.19177941211662
2014-08-01,103.32047562372117,12738.010254327428,107.98590885509144,111.98047601609002,109.21952420189267,108.70611148410373,110.51190512520927,107.7622868316342,4.334328876076447,108.06931813282712,2.8008467324268578,108.64323724280888,2.2749474114600146,-0.8660254037844385,-0.5000000000000004,2014,-6.5073799002381305,123.28640743696819
2014-09-01,98.2538088843936,12610.826028761156,103.32047562372117,107.98590885509144,111.98047601609002,107.85761878603981,111.32000054253473,103.18673112106875,4.867428289549603,106.46868314921943,4.902059224058607,107.5543879379638,3.6115633623371837,-1.0,-1.8369701987210297e-16,2014,-11.737505923878079,128.3494876376668
2014-10-01,87.97913062054178,12920.550710697384,98.2538088843936,103.32047562372117,107.98590885509144,108.05190531412761,109.50227321277966,96.51780504288551,7.816616827627111,103.12322070028846,8.858387770750584,105.76079272194397,6.635098995865075,-0.8660254037844386,0.5000000000000001,2014,-19.65542993834942,146.85926786915343
2014-11-01,79.91210455643504,12792.190364388143,87.97913062054178,98.2538088843936,103.32047562372117,109.21952420189267,107.72105327405427,88.71501468712347,9.192968695320928,98.23865075937884,12.253913862100289,103.44338032880904,9.927634441211069,-0.5000000000000004,0.8660254037844384,2014,-25.815704425828613,160.078256421768
2014-12-01,63.20363651622426,13132.433346980057,79.91210455643504,87.97913062054178,98.2538088843936,111.98047601609002,110.85400009155273,77.0316238977337,12.636421710560793,90.1091775094012,16.69057503142603,99.47251669753166,14.952177654343654,-2.4492935982947064e-16,1.0,2014,-42.984793995683255,207.77971127672353
2015-01-01,49.679999923706056,12896.013494216302,63.20363651622426,79.91210455643504,87.97913062054178,107.98590885509144,107.19949951171876,64.26524699878847,15.143985612895454,80.39152602083698,20.694061217309798,94.67922506519727,20.456438217182086,0.49999999999999994,0.8660254037844387,2015,-53.65650012360816,259.5815924722384
2015-02-01,58.440526259572884,13032.650757684863,49.679999923706056,63.20363651622426,79.91210455643504,103.32047562372117,108.70611148410373,57.108054233167735,6.859577096839614,72.9115344601456,18.770342918914135,90.49042629648636,22.379092996662745,0.8660254037844386,0.5000000000000001,2015,-46.239888943025306,223.0070738890727
2015-03-01,56.93499981273305,13120.582730190084,58.440526259572884,49.679999923706056,63.20363651622426,98.2538088843936,107.85761878603981,55.01850866533733,4.68416579114004,66.0250662815355,14.765547663152683,86.24687471537747,23.58218963571885,1.0,6.123233995736766e-17,2015,-47.212815883060976,230.4484547878364
2015-04-01,60.96523775373186,13074.904474256084,56.93499981273305,58.440526259572884,49.679999923706056,87.97913062054178,108.05190531412761,58.780254608679265,2.036483729042473,61.52275080373386,10.120304785171239,82.32298575201115,23.5415595780799,0.8660254037844387,-0.4999999999999998,2015,-43.5778225506582,214.46491403957052
2015-05-01,65.60099925994874,13027.954456607473,60.96523775373186,56.93499981273305,58.440526259572884,79.91210455643504,109.21952420189267,61.167078942137884,4.336524126969312,59.137566587652806,5.59342473417813,78.68810867351583,22.3482933580593,0.49999999999999994,-0.8660254037844387,2015,-39.93656377894024,198.5938416118214
2015-06-01,63.70409029180353,13209.047526394494,65.60099925994874,60.96523775373186,56.93499981273305,63.20363651622426,111.98047601609002,63.42344243516138,2.3305886810433782,59.220975550249356,5.669399845325206,74.66507652982528,20.035944990389904,1.2246467991473532e-16,-1.0,2015,-43.11143106531343,207.35006913824546
2015-07-01,56.62181802229448,13504.5526803327,63.70409029180353,65.60099925994874,60.96523775373186,49.679999923706056,107.98590885509144,61.975635858015586,4.732556388667756,60.377945233347425,3.698767467523505,70.38473562709221,17.61005781838372,-0.4999999999999997,-0.8660254037844388,2015,-47.56554941045458,238.50439904658958
2015-08-01,48.21952383858817,13405.560007096788,56.62181802229448,63.70409029180353,65.60099925994874,58.440526259572884,103.32047562372117,56.181810717562065,7.751654944730977,58.67444482984998,6.246063411115067,65.79298964499779,15.269635854947627,-0.8660254037844385,-0.5000000000000004,2015,-53.33013756711982,278.01104075542224
2015-09-01,48.43333344232468,13460.79520716412,48.21952383858817,56.62181802229448,63.70409029180353,56.93499981273305,98.2538088843936,51.09155843440245,4.790538275472197,57.25750043478191,7.548176543380385,61.64128335815872,12.081512801292913,-1.0,-1.8369701987210297e-16,2015,-50.70589731609101,277.92419498016767
2015-10-01,49.21409121426669,13682.016228413106,48.43333344232468,48.21952383858817,56.62181802229448,60.96523775373186,87.97913062054178,48.62231616505985,0.5235235604134555,55.29897601153772,7.909602442776231,58.41086340763579,9.24965855256586,-0.8660254037844386,0.5000000000000001,2015,-44.0616304490102,278.0101367481276
2015-11-01,45.90700016021729,13559.224535063113,49.21409121426669,48.43333344232468,48.21952383858817,65.60099925994874,79.91210455643504,47.85147493893623,1.7286215023581986,52.01664282824914,6.7859312498453255,55.57710470795097,6.998694563237902,-0.5000000000000004,0.8660254037844384,2015,-42.55313332688275,295.3628964589468
2015-12-01,38.90954520485618,13584.277003033603,45.90700016021729,49.21409121426669,48.43333344232468,63.70409029180353,63.20363651622426,44.67687885978006,5.261256116684873,47.884218647091245,5.7093312542859405,53.552597098670304,8.029824865805717,-2.4492935982947064e-16,1.0,2015,-38.43780619352785,349.1245382466766
2016-01-01,32.212105098523594,13601.93383912642,38.90954520485618,45.90700016021729,49.21409121426669,56.62181802229448,49.679999923706056,39.009550154532356,6.84799521248135,43.815933159796096,6.825630172469874,52.09693919657176,10.109632094394438,0.49999999999999994,0.8660254037844387,2016,-35.16081894526578,422.26156277348815
2016-02-01,33.55649995803833,13391.109843700006,32.212105098523594,38.90954520485618,45.90700016021729,48.21952383858817,58.440526259572884,34.89271675380604,3.543025894407732,41.37209584637113,7.522984117020447,50.02327033811054,11.185042088925416,0.8660254037844386,0.5000000000000001,2016,-42.58008593387438,399.0615785450001
2016-03-01,39.75136375427246,13514.967142942854,33.55649995803833,32.212105098523594,38.90954520485618,48.43333344232468,56.93499981273305,35.1733229369448,4.021279980106823,39.92510089836242,6.681008606119029,48.59130066657216,11.318891877563187,1.0,6.123233995736766e-17,2016,-30.181147123877928,339.98750901949296
2016-04-01,43.386666434151785,13518.02602697477,39.75136375427246,33.55649995803833,32.212105098523594,49.21409121426669,60.96523775373186,38.89817671548753,4.97031078800776,38.95386343500994,5.351946591352851,47.126419723273834,10.69202689779741,0.8660254037844387,-0.4999999999999998,2016,-28.833761611147068,311.57097647709725
2016-05-01,47.73904764084589,13480.93600643274,43.386666434151785,39.75136375427246,33.55649995803833,45.90700016021729,65.60099925994874,43.62569260975672,3.9992028708758838,39.25920468178138,5.856459905653414,45.63792375501526,8.994905689301197,0.49999999999999994,-0.8660254037844387,2016,-27.228170028818553,282.3880381496833
2016-06-01,49.92681815407493,13368.836182843252,47.73904764084589,43.386666434151785,39.75136375427246,38.90954520485618,63.70409029180353,47.01751074302421,3.3292428194845956,41.0954168399845,7.279234548185531,44.48981774353788,7.17433611006421,1.2246467991473532e-16,-1.0,2016,-21.626981995379424,267.7686397235814
2016-07-01,46.330999755859374,13555.653570624729,49.92681815407493,47.73904764084589,43.386666434151785,32.212105098523594,56.62181802229448,47.99895518359341,1.8119441040818405,43.44856594954046,6.003507551751573,43.63224955466828,6.131598685778869,-0.4999999999999997,-0.8660254037844388,2016,-18.17465179656217,292.58279860257875
2016-08-01,47.172608251157016,13300.984460427071,46.330999755859374,49.92681815407493,47.73904764084589,33.55649995803833,48.21952383858817,47.81014205369711,1.8807749733208536,45.71791733172691,3.6145899332759805,43.54500658904902,6.067508438778915,-0.8660254037844385,-0.5000000000000004,2016,-2.171144598888275,281.96415151796987
2016-09-01,47.2980953398205,13387.551988178206,47.172608251157016,46.330999755859374,49.92681815407493,39.75136375427246,48.43333344232468,46.933901115612294,0.5258842929266138,46.975705929318245,2.1321965170192443,43.45040341384034,5.992751559697185,-1.0,-1.8369701987210297e-16,2016,-2.3439189950781425,283.0463233665809
2016-10-01,51.21049976348877,13402.8794226329,47.2980953398205,47.172608251157016,46.330999755859374,43.386666434151785,49.21409121426669,48.56040111815543,2.2959102497378643,48.27967815087441,1.8751812140947592,43.61677079294217,6.191714734266609,-0.8660254037844386,0.5000000000000001,2016,4.056579121882353,261.72131661539976
2016-11-01,47.10850086212158,13450.544197476804,51.21049976348877,47.2980953398205,47.172608251157016,47.73904764084589,45.90700016021729,48.53903198847695,2.3155002852917748,48.17458702108703,1.928451863460749,43.7168958514342,6.241629834128425,-0.5000000000000004,0.8660254037844384,2016,2.617249434097224,285.5226541138343
2016-12-01,54.717618851434615,13600.931111552612,47.10850086212158,51.21049976348877,47.2980953398205,49.92681815407493,38.90954520485618,51.01220649234833,3.808432657912528,48.973053803980314,3.301826443580974,45.03423532198241,6.779769771933903,-2.4492935982947064e-16,1.0,2016,40.627752299210826,248.56584400137902
2017-01-01,55.4269998550415,13698.801651810543,54.717618851434615,47.10850086212158,51.21049976348877,46.330999755859374,32.212105098523594,52.417706522865906,4.611567403077568,50.48905382051066,3.883135924835758,46.968809885025564,6.062625039440106,0.49999999999999994,0.8660254037844387,2017,72.06885326343337,247.1503362555629
2017-02-01,55.926842739707546,13706.675438947615,55.4269998550415,54.717618851434615,47.10850086212158,47.172608251157016,33.55649995803833,55.357153815394554,0.6076301958691503,51.94809290193575,4.029682119528837,48.83300511683134,4.88935071686751,0.8660254037844386,0.5000000000000001,2017,66.66470820747945,245.08223184957305
2017-03-01,52.50565188864003,13596.751125415974,55.926842739707546,55.4269998550415,54.717618851434615,47.2980953398205,39.75136375427246,54.61983149446303,1.8479116000487872,52.81601899340567,3.32747082381512,49.89586246136196,4.049908982280574,1.0,6.123233995736766e-17,2017,32.08515867080597,258.95785760842494
2017-04-01,53.81894703915245,13552.763264130035,52.50565188864003,55.926842739707546,55.4269998550415,51.21049976348877,43.386666434151785,54.083813889166684,1.7259062970025172,53.25076020601629,3.2451343131637684,50.76521917844534,3.6227937095024836,0.8660254037844387,-0.4999999999999998,2017,24.044900109654186,251.82141252727612
2017-05-01,51.34954556551847,13219.614135981028,53.81894703915245,52.50565188864003,55.926842739707546,47.10850086212158,47.73904764084589,52.55804816443699,1.2355342717961526,53.95760098991576,1.76317936984555,51.06609400550139,3.496340841647544,0.49999999999999994,-0.8660254037844387,2017,7.562986911333791,257.4436441528721
2017-06-01,47.54000039534135,13635.614357520182,51.34954556551847,53.81894703915245,52.50565188864003,54.717618851434615,49.92681815407493,50.90283100000409,3.163219588684426,52.76133124723356,3.0843349334777503,50.86719252560693,3.632292504093307,1.2246467991473532e-16,-1.0,2017,-4.780632627875104,286.8240270115015
2017-07-01,49.12550029754639,13815.473588025015,47.54000039534135,51.34954556551847,53.81894703915245,55.4269998550415,46.330999755859374,49.33834875280207,1.913671066192277,51.71108132098437,3.067928878963355,51.10006757074751,3.396986829548725,-0.4999999999999997,-0.8660254037844388,2017,6.0315999145552635,281.2281504380942
2017-08-01,51.90695638241975,13554.345171919036,49.12550029754639,47.54000039534135,51.34954556551847,55.926842739707546,47.172608251157016,49.524152358435835,2.2106037065712467,51.041100261436405,2.3079607020512913,51.494596581686075,3.1664865801231517,-0.8660254037844385,-0.5000000000000004,2017,10.036222941195149,261.12771999303214
2017-09-01,55.65200023651123,13528.084717771564,51.90695638241975,49.12550029754639,47.54000039534135,52.50565188864003,47.2980953398205,52.228152305492465,3.2750840415284457,51.56549165274827,2.969814207480806,52.19075532307698,3.077052137719637,-1.0,-1.8369701987210297e-16,2017,17.662243768318376,243.08353087543267
2017-10-01,57.64909068020907,13583.843499222305,55.65200023651123,51.90695638241975,49.12550029754639,53.81894703915245,51.21049976348877,55.06934909971336,2.9150708968856667,52.203848926257706,3.8363028564316575,52.727304566137,3.4315203530421834,-0.8660254037844386,0.5000000000000001,2017,12.572794537167908,235.62979639305286
2017-11-01,62.87142853509812,13587.435430256728,57.64909068020907,55.65200023651123,51.90695638241975,51.34954556551847,47.10850086212158,58.72417315060614,3.7278529984731117,54.124162754520974,5.7363383323509245,54.04088187221837,4.0469418670886,-0.5000000000000004,0.8660254037844384,2017,33.46089853105685,216.1146286452122
2017-12-01,64.06650028228759,13516.189960181662,62.87142853509812,57.64909068020907,55.65200023651123,47.54000039534135,54.717618851434615,61.52900649919827,3.4128227601304446,56.87857940234536,5.907722106550406,54.819955324789454,4.98111624458549,-2.4492935982947064e-16,1.0,2017,17.085687621452237,210.97125487777691
2018-01-01,69.02238028390067,13455.142096074367,64.06650028228759,62.87142853509812,57.64909068020907,49.12550029754639,55.4269998550415,65.32010303376214,3.261470795193972,60.194726066737736,6.259178771822297,55.95290369386106,6.458709532213074,0.49999999999999994,0.8660254037844387,2018,24.52844365456408,194.93883057540324
2018-02-01,65.70368415430973,13543.411105160318,69.02238028390067,64.06650028228759,62.87142853509812,51.90695638241975,55.926842739707546,66.264188240166,2.525036686920404,62.49418069538607,5.016435743099038,56.76764047841124,7.045151170155944,0.8660254037844386,0.5000000000000001,2018,17.48148283661419,206.12864072207373
2018-03-01,66.80904751732236,13335.385294854565,65.70368415430973,69.02238028390067,64.06650028228759,55.65200023651123,52.50565188864003,67.17837065184426,1.6898922105895193,64.35368857552125,3.9212029466667144,57.95959011413478,7.456492512547111,1.0,6.123233995736766e-17,2018,27.241630403939364,199.60448158457797
2018-04-01,71.7623806908017,13274.108814804567,66.80904751732236,65.70368415430973,69.02238028390067,57.64909068020907,53.81894703915245,68.09170412081127,3.226585951463443,66.70590357728669,3.274713916627003,59.45487625177221,8.301881613194034,0.8660254037844387,-0.4999999999999998,2018,33.34036550101154,184.97308320912498
2018-05-01,77.17681884765625,13663.31263688658,71.7623806908017,66.80904751732236,65.70368415430973,62.87142853509812,51.34954556551847,71.91608235192678,5.185594347806194,69.0901352960464,4.78431308750604,61.60714902528368,9.29768860941196,0.49999999999999994,-0.8660254037844387,2018,50.2969851002556,177.0390752158025
2018-06-01,75.97952379499164,13445.032640359705,77.17681884765625,71.7623806908017,66.80904751732236,64.06650028228759,47.54000039534135,74.97290777781654,2.8441153269739345,71.07563921483039,4.75440151576002,63.97710930858787,9.006043896205863,1.2246467991473532e-16,-1.0,2018,59.82230366669747,176.95600036448195
2018-07-01,74.7952386765253,13585.914657172914,75.97952379499164,77.17681884765625,71.7623806908017,69.02238028390067,49.12550029754639,75.98386043972441,1.1907960080338018,72.03778228026783,4.839150774941596,66.11625417350278,8.167270808380879,-0.4999999999999997,-0.8660254037844388,2018,52.253388206737526,181.64143731032564
2018-08-01,73.92260808530061,13686.551278733956,74.7952386765253,75.97952379499164,77.17681884765625,65.70368415430973,51.90695638241975,74.89912351893919,1.0323853953627444,73.40760293543298,3.7218333814194295,67.95089181540952,7.086425636942563,-0.8660254037844385,-0.5000000000000004,2018,42.413682552840434,185.1470292138611
2018-09-01,79.15999964663857,13646.433641952935,73.92260808530061,74.7952386765253,75.97952379499164,66.80904751732236,55.65200023651123,75.95928213615484,2.8060319801502143,75.46609495698567,2.5839898024441728,69.90989176625347,6.610741300756673,-1.0,-1.8369701987210297e-16,2018,42.241068263894334,172.3905217643898
2018-10-01,80.62956635848336,13433.592874961065,79.15999964663857,73.92260808530061,74.7952386765253,71.7623806908017,57.64909068020907,77.90405803014086,3.5254594491491,76.94395923493262,2.5777686901674812,71.82493140610966,6.039992205187136,-0.8660254037844386,0.5000000000000001,2018,39.86268544243228,166.60876997942162
2018-11-01,66.23285729544503,13538.970483541269,80.62956635848336,79.15999964663857,73.92260808530061,77.17681884765625,62.87142853509812,75.34080776685566,7.921867073007139,75.11996564289741,5.058383586012059,72.1050504694719,5.652521908187865,-0.5000000000000004,0.8660254037844384,2018,5.346512459901209,204.4147125217316
2018-12-01,57.47000021683542,13360.069562640872,66.23285729544503,80.62956635848336,79.15999964663857,75.97952379499164,64.06650028228759,68.11080795692128,11.693434054312133,72.03504504653804,8.736340782335319,71.55534213068422,6.724455360443045,-2.4492935982947064e-16,1.0,2018,-10.296332773581984,232.47032385998037
2019-01-01,60.12190500895182,13487.45122782992,57.47000021683542,66.23285729544503,80.62956635848336,74.7952386765253,69.02238028390067,61.274920840410765,4.493773489588739,69.58948943527581,9.798347151626484,70.81363585777181,7.477890740506732,0.49999999999999994,0.8660254037844387,2019,-12.895056992151964,224.33506100350135
2019-02-01,64.2763153879266,13625.522034121,60.12190500895182,57.47000021683542,66.23285729544503,73.92260808530061,65.70368415430973,60.62274020457129,3.430686297511689,67.98177398571346,9.736359093014148,70.69468846057322,7.577253759597373,0.8660254037844386,0.5000000000000001,2019,-2.172433379886052,211.98355804757847
2019-03-01,67.02761949811664,13503.84314884352,64.2763153879266,60.12190500895182,57.47000021683542,79.15999964663857,66.80904751732236,63.80861329833169,3.4765330553475184,65.95971062762648,8.067325237716936,70.71290279230608,7.567320457693169,1.0,6.123233995736766e-17,2019,0.3271592530002865,201.46684680071257
2019-04-01,71.62857237316314,13157.835684272794,67.02761949811664,64.2763153879266,60.12190500895182,80.62956635848336,71.7623806908017,67.64416908640213,3.714703317945042,64.45954496340644,5.076160491173374,70.70175209916952,7.565731851098707,0.8660254037844387,-0.4999999999999998,2019,-0.1864602544543459,183.69535017010335
2019-05-01,70.31181820956144,13229.8483911548,71.62857237316314,67.02761949811664,64.2763153879266,66.23285729544503,77.17681884765625,69.65600336028041,2.369548834061856,65.13937178242584,5.606576587514012,70.12966871266163,7.2859858576554695,0.49999999999999994,-0.8660254037844387,2019,-8.895158858058183,188.159668289672
2019-06-01,63.03800010681152,13403.809731531646,70.31181820956144,71.62857237316314,67.02761949811664,57.47000021683542,75.97952379499164,68.32613022984538,4.626737568789154,66.06737176408852,4.418096967484843,69.05120840531329,7.299162645712041,1.2246467991473532e-16,-1.0,2019,-17.032909712752353,212.63063087058987
2019-07-01,64.25636395541105,13659.988999115869,63.03800010681152,70.31181820956144,71.62857237316314,60.12190500895182,74.7952386765253,65.86872742392802,3.895753382072546,66.75644825516507,3.540624802314508,68.17296884522044,7.178227949579397,-0.4999999999999997,-0.8660254037844388,2019,-14.090301612236056,212.58577607339944
2019-08-01,59.501818050037734,13523.890231339605,64.25636395541105,63.03800010681152,70.31181820956144,64.2763153879266,73.92260808530061,62.265394037420116,2.4696390010325175,65.96069869885025,4.590412098920108,66.97123634228186,7.3335907989795395,-0.8660254037844385,-0.5000000000000004,2019,-19.50795623799213,227.28532798723498
2019-09-01,62.468499946594235,13516.952774881463,59.501818050037734,64.25636395541105,63.03800010681152,67.02761949811664,79.15999964663857,62.07556065068101,2.401505290287761,65.20084544026318,4.752941962098819,65.58027803394482,6.325192041990694,-1.0,-1.8369701987210297e-16,2019,-21.08577535946605,216.38030025432687
2019-10-01,59.632173289423406,13342.08393797157,62.468499946594235,59.501818050037734,64.25636395541105,71.62857237316314,80.62956635848336,60.534163762018466,1.6764517524605227,63.20144559297322,3.966386869153073,63.83049527818984,4.39262390747099,-0.8660254037844386,0.5000000000000001,2019,-26.04180329546164,223.73968953330055
2019-11-01,62.65149974822998,13517.57179817619,59.632173289423406,62.468499946594235,59.501818050037734,70.31181820956144,66.23285729544503,61.584057661415876,1.692856072757197,61.92472584941799,1.9300821662752519,63.53204881592192,4.335859319516039,-0.5000000000000004,0.8660254037844384,2019,-5.407221873638457,215.75815187980533
2019-12-01,65.17380886986142,13226.979322586054,62.65149974822998,59.632173289423406,62.468499946594235,63.03800010681152,57.47000021683542,62.48582730250495,2.7745300045320453,62.28069397659297,2.331650355393837,64.17403287034075,3.905679512156428,-2.4492935982947064e-16,1.0,2019,13.404921913971425,202.94930666086418
2020-01-01,63.5999999273391,13541.019861994422,65.17380886986142,62.65149974822998,59.632173289423406,64.25636395541105,60.12190500895182,63.80843618181018,1.2740074883610428,62.1712999719143,2.2337618913373136,64.46387411353969,3.701342940903778,0.49999999999999994,0.8660254037844387,2020,5.785071045019952,212.90911757019796
2020-02-01,55.362105319374486,13641.508844594238,63.5999999273391,65.17380886986142,62.65149974822998,59.501818050037734,64.2763153879266,61.37863803885835,5.269555780173078,61.4813478501371,3.502320814512446,63.72102327449368,4.541569849792534,0.8660254037844386,0.5000000000000001,2020,-13.868576651838582,246.40516768462317
2020-03-01,33.72909112410112,13401.88952076004,55.362105319374486,63.5999999273391,65.17380886986142,62.468499946594235,67.02761949811664,50.89706545693824,15.427904391481592,56.69144637972158,11.771878380168303,60.946145909992374,9.6439689423796,1.0,6.123233995736766e-17,2020,-49.67881691658638,397.33918330173213
2020-04-01,26.63142867315383,13630.127529323456,33.72909112410112,55.362105319374486,63.5999999273391,59.632173289423406,71.62857237316314,38.57420837220982,14.965604431440756,51.19132227700999,16.771011906725924,57.19638393499161,13.203734017489145,0.8660254037844387,-0.4999999999999998,2020,-62.82010405790002,511.8060955949948
2020-05-01,32.256000232696536,13413.61255419544,26.63142867315383,33.72909112410112,55.362105319374486,62.65149974822998,70.31181820956144,30.872173343317172,3.745722321758448,46.12540569108774,17.202115509405132,54.025065770252866,14.292545826516207,0.49999999999999994,-0.8660254037844387,2020,-54.12435483241398,415.8486004907277
2020-06-01,40.77272727272727,11087.68497039033,32.256000232696536,26.63142867315383,33.72909112410112,65.17380886986142,63.03800010681152,33.22005205952589,7.119770253609324,42.05855875823206,14.464701370800439,52.16962636741252,14.460369522501697,1.2246467991473532e-16,-1.0,2020,-35.320398484022334,271.93876181559335
2020-07-01,43.24136369878595,11278.687661609609,40.77272727272727,32.256000232696536,26.63142867315383,63.5999999273391,64.25636395541105,38.75669706806993,5.763491646570482,38.66545272013986,10.143217015356138,50.41837634602709,14.13232041395725,-0.4999999999999997,-0.8660254037844388,2020,-32.70493218571764,260.8309890542668
2020-08-01,45.01999991280692,11531.264102578669,43.24136369878595,40.77272727272727,32.256000232696536,55.362105319374486,59.501818050037734,43.01136362810672,2.132957159479234,36.94176848571194,7.186094837493621,49.21155816792452,13.902595953322999,-0.8660254037844385,-0.5000000000000004,2020,-24.3384464741101,256.1364754533984
2020-09-01,41.86714299519857,11928.23444821609,45.01999991280692,43.24136369878595,40.77272727272727,33.72909112410112,62.468499946594235,43.376168868930485,1.5807453973199233,38.29811046422818,7.226338380120947,47.49477842197488,13.378849839164317,-1.0,-1.8369701987210297e-16,2020,-32.978792461813946,284.90681701361973
2020-10-01,41.524091026999734,12075.745916167058,41.86714299519857,45.01999991280692,43.24136369878595,26.63142867315383,59.632173289423406,42.80374464500175,1.9269825433236316,40.78022085653583,4.436892752808684,45.98577156677291,12.897982177420303,-0.8660254037844386,0.5000000000000001,2020,-30.366296016978122,290.813010411599
2020-11-01,43.78900012969971,12113.6734263425,41.524091026999734,41.86714299519857,45.01999991280692,32.256000232696536,62.65149974822998,42.393411383966004,1.22072606412424,42.70238750603636,1.5907327996651863,44.413896598562054,11.783529355070321,-0.5000000000000004,0.8660254037844384,2020,-30.10702009422076,276.6373607632674
2020-12-01,50.218181956898086,12088.2045328373,43.78900012969971,41.524091026999734,41.86714299519857,40.77272727272727,65.17380886986142,45.17709103786584,4.510199724106757,44.27662995339816,3.1795061287184097,43.167594355815105,10.051882430332412,-2.4492935982947064e-16,1.0,2020,-22.947296118332773,240.71370292163348
2021-01-01,55.35157916420385,13607.376405327628,50.218181956898086,43.78900012969971,41.524091026999734,43.24136369878595,63.5999999273391,49.786253750267214,5.7933781133332785,46.294999197634475,5.434816160281842,42.48022595888717,8.721657103493682,0.49999999999999994,0.8660254037844387,2021,-12.969215051193084,245.8353783360094
2021-02-01,62.22789423089279,13591.669143292556,55.35157916420385,50.218181956898086,43.78900012969971,45.01999991280692,55.362105319374486,55.93255178399824,6.02589778495672,49.16298158398212,8.373359142356428,43.052375034847024,9.80185353752362,0.8660254037844386,0.5000000000000001,2021,12.401603717761,218.41762944543007
2021-03-01,65.70217381352964,13519.86138332575,62.22789423089279,55.35157916420385,50.218181956898086,41.86714299519857,33.72909112410112,61.09388240287543,5.267655030298058,53.135486720370636,9.759062999847538,45.716798592299405,11.2724103560784,1.0,6.123233995736766e-17,2021,94.79378668043077,205.77494774673175
2021-04-01,65.32857150123233,13433.01710772291,65.70217381352964,62.22789423089279,55.35157916420385,41.524091026999734,26.63142867315383,64.41954651521826,1.907196757935496,57.10290013274274,8.894955251064479,48.94156049463928,10.843183058969665,0.8660254037844387,-0.4999999999999998,2021,145.3062969433843,205.62239153613692
2021-05-01,68.25849990844726,13691.80894071882,65.32857150123233,65.70217381352964,62.22789423089279,43.78900012969971,32.256000232696536,66.42974840773643,1.5947237097542115,61.18115009586733,6.971310939651394,51.94176880095184,10.787374926443139,0.49999999999999994,-0.8660254037844387,2021,111.61489154274165,200.58760387472864
2021-06-01,73.40818162397905,13285.534576186246,68.25849990844726,65.32857150123233,65.70217381352964,50.218181956898086,40.77272727272727,68.99841767788622,4.0903097270312285,65.04615004038082,6.044504334242245,54.66138999688949,11.783445063759027,1.2246467991473532e-16,-1.0,2021,80.0423629573622,180.98166011302587
2021-07-01,74.15714336576916,13405.874598964072,73.40818162397905,68.25849990844726,65.32857150123233,55.35157916420385,43.24136369878595,71.94127496606517,3.211286349179382,68.1804107406417,4.7489813078642875,57.237704969138086,12.421989176137739,-0.4999999999999997,-0.8660254037844388,2021,71.49584800872317,180.77657782530235
2021-08-01,70.51363615556197,13324.03856562174,74.15714336576916,73.40818162397905,68.25849990844726,62.22789423089279,45.01999991280692,72.69298704843673,1.9241657044995013,69.56136772808657,3.7771246244513237,59.36217465603435,12.32212179422766,-0.8660254037844385,-0.5000000000000004,2021,56.62735737923188,188.95690666451
2021-09-01,75.0028559366862,13544.55685119818,70.51363615556197,74.15714336576916,73.40818162397905,65.70217381352964,41.86714299519857,73.22454515267246,2.3854932678825462,71.11148141527933,3.785040389164308,62.12348406782498,11.744392715160817,-1.0,-1.8369701987210297e-16,2021,79.14491071265053,180.58721474062057
2021-10-01,83.74619038899739,13444.014897791816,75.0028559366862,70.51363615556197,74.15714336576916,65.32857150123233,41.524091026999734,76.42089416041519,6.729282813804925,74.18108456324018,5.315857345692594,65.64199234799146,11.329310303637664,-0.8660254037844386,0.5000000000000001,2021,101.6809719797215,160.53285331959526
2021-11-01,80.78428540910993,13753.342845564908,83.74619038899739,75.0028559366862,70.51363615556197,68.25849990844726,43.78900012969971,79.84444391159785,4.446791075211215,76.26871548001728,4.9732832605508355,68.72493278794231,9.768071833077956,-0.5000000000000004,0.8660254037844384,2021,84.48533917155675,170.24775023898354
2021-12-01,74.74318140203303,13502.136771879825,80.78428540910993,83.74619038899739,75.0028559366862,73.40818162397905,50.218181956898086,79.75788573338012,4.588427282369721,76.49121544302628,4.847995355375089,70.76868274170356,7.938193201080802,-2.4492935982947064e-16,1.0,2021,48.83689231558519,180.6470706572381
2022-01-01,85.52699966430664,13471.3431594489,74.74318140203303,80.78428540910993,83.74619038899739,74.15714336576916,55.35157916420385,80.35148882514987,5.40492078949849,78.38619149278253,5.868001252309045,73.28330111671211,7.369502222489224,0.49999999999999994,0.8660254037844387,2022,54.51591617754132,157.50982978853347
2022-02-01,94.03368457994964,13568.724048077269,85.52699966430664,74.74318140203303,80.78428540910993,70.51363615556197,62.22789423089279,84.76795521542978,9.667625849754026,82.30619956351381,7.250314837484747,75.93378364580018,8.641658583946064,0.8660254037844386,0.5000000000000001,2022,51.11178956344467,144.29642004021252
2022-03-01,112.46304420802905,13412.136382683686,94.03368457994964,85.52699966430664,74.74318140203303,75.0028559366862,65.70217381352964,97.34124281742845,13.769262145666628,88.54956427540428,13.304541776709861,79.8305228453418,13.034733371366736,1.0,6.123233995736766e-17,2022,71.17096388197469,119.25816589025034
2022-04-01,105.91699981689453,13369.930890265105,112.46304420802905,94.03368457994964,85.52699966430664,83.74619038899739,65.32857150123233,104.13790953495776,9.342601123281266,92.24469918005379,14.708401981554212,83.21289187164699,14.148111534528255,0.8660254037844387,-0.4999999999999998,2022,62.12967371389186,126.23026438983881
2022-05-01,111.4971429734003,13564.200716809684,105.91699981689453,112.46304420802905,94.03368457994964,80.78428540910993,68.25849990844726,109.95906233277464,3.5336869322962574,97.36350877410219,15.256393299262685,86.81611212705974,15.440284756022846,0.49999999999999994,-0.8660254037844387,2022,63.345434082125315,121.65514160345502
2022-06-01,117.66381000337147,13441.317792646858,111.4971429734003,105.91699981689453,112.46304420802905,74.74318140203303,73.40818162397905,111.6926509312221,5.875845037989286,104.51694687432528,12.305938746524713,90.50408115867577,17.138528641027833,1.2246467991473532e-16,-1.0,2022,60.287051661467885,114.2349358928775
2022-07-01,104.70499954223632,13617.116945310896,117.66381000337147,111.4971429734003,105.91699981689453,85.52699966430664,74.15714336576916,111.28865083966936,6.481920538643014,107.71328018731354,8.189000318065625,93.04973584004803,16.754104567436396,-0.4999999999999997,-0.8660254037844388,2022,41.19341008835031,130.05221340761258
2022-08-01,97.74086894159731,13540.17359517691,104.70499954223632,117.66381000337147,111.4971429734003,94.03368457994964,70.51363615556197,106.70322616240172,10.110666513978657,108.33114424758816,7.00465195619594,95.318671905551,15.195855621540677,-0.8660254037844385,-0.5000000000000004,2022,38.612719851758385,138.53134049040952
2022-09-01,90.32476116362072,13513.97052360241,97.74086894159731,104.70499954223632,117.66381000337147,112.46304420802905,75.0028559366862,97.59020988248479,7.191302911887748,104.64143040685344,9.70359778908461,96.59549734112886,13.924137565850844,-1.0,-1.8369701987210297e-16,2022,20.428429071912312,149.6153474363717
2022-10-01,93.59380958193825,13508.214044017164,90.32476116362072,97.74086894159731,104.70499954223632,105.91699981689453,83.74619038899739,93.88647989571876,3.7167062808447033,102.58756536769407,10.638719182668737,97.41613227387394,13.37746346529935,-0.8660254037844386,0.5000000000000001,2022,11.758886162103721,144.3280715290382
2022-11-01,91.11428578694661,13489.642762013318,93.59380958193825,90.32476116362072,97.74086894159731,111.4971429734003,80.78428540910993,91.67761884416853,1.7057776790508201,99.1904225032851,10.477822508680752,98.27696563869365,12.51444382393838,-0.5000000000000004,0.8660254037844384,2022,12.787140872167434,148.05189598430565
2022-12-01,81.3414284842355,13548.903422705056,91.11428578694661,93.59380958193825,90.32476116362072,117.66381000337147,74.74318140203303,88.6831746177068,6.477880577684347,93.13669225009579,7.827623707237445,98.82681956221052,11.489401015376412,-2.4492935982947064e-16,1.0,2022,8.827891666413578,166.5682995145693
2023-01-01,83.87900009155274,13452.332881948438,81.3414284842355,91.11428578694661,93.59380958193825,104.70499954223632,85.52699966430664,85.4449047875783,5.071117046821762,89.66569234164852,6.098369500462232,98.68948626448103,11.671236847318168,0.49999999999999994,0.8660254037844387,2023,-1.9268764006948658,160.3778403088426
2023-02-01,83.50947329872533,13265.075435953227,83.87900009155274,81.3414284842355,91.11428578694661,97.74086894159731,94.03368457994964,82.90996729150453,1.370902259494535,87.29379306783653,4.997712909206968,97.81246865771236,12.424030420307579,0.8660254037844386,0.5000000000000001,2023,-11.19195884776415,158.84515746497593
2023-03-01,79.2069562829059,13509.336011535706,83.50947329872533,83.87900009155274,81.3414284842355,90.32476116362072,112.46304420802905,82.19847655772799,2.597312587783589,85.44082558771738,5.6655962141409395,95.04112799728541,12.567214303430829,1.0,6.123233995736766e-17,2023,-29.570680892834034,170.55744401140726
2023-04-01,83.36894788240132,13444.728344286375,79.2069562829059,83.50947329872533,83.87900009155274,93.59380958193825,105.91699981689453,82.02845915467752,2.444503158050909,83.73668197112791,4.022233178930053,93.16212366941097,12.478603296186632,0.8660254037844387,-0.4999999999999998,2023,-21.288416376477304,161.26781836387403
2023-05-01,75.63227358731356,13334.76952920162,83.36894788240132,79.2069562829059,83.50947329872533,91.11428578694661,111.4971429734003,79.40272591754027,3.872050696911397,81.1563466045224,3.2309568951613956,90.17338455390376,11.97270727900447,0.49999999999999994,-0.8660254037844387,2023,-32.166626363370554,176.31057347241207
2023-06-01,74.92571367536273,13593.682195021602,75.63227358731356,83.36894788240132,79.2069562829059,81.3414284842355,117.66381000337147,77.9756450483592,4.684078705792547,80.0870608030436,4.101748674314904,86.61187652656969,9.052166080097667,1.2246467991473532e-16,-1.0,2023,-36.32221013987576,181.4287983150905
2023-07-01,80.35549964904786,13454.370488291468,74.92571367536273,75.63227358731356,83.36894788240132,83.87900009155274,104.70499954223632,76.97116230390806,2.9521367137337853,79.49981072929278,3.6809181161173123,84.58275153547065,7.158794912412986,-0.4999999999999997,-0.8660254037844388,2023,-23.255336421033334,167.43558993539145
2023-08-01,85.10434756071672,13290.57186018094,80.35549964904786,74.92571367536273,75.63227358731356,83.50947329872533,97.74086894159731,80.12852029504243,5.093111687699208,79.76562310629136,4.065840448007975,83.52970808706392,5.858645462959705,-0.8660254037844385,-0.5000000000000004,2023,-12.928595292549772,156.16795429515437
2023-09-01,92.76649932861328,13491.028142890633,85.10434756071672,80.35549964904786,74.92571367536273,79.2069562829059,90.32476116362072,86.07544884612595,6.262228560300062,82.02554694724257,6.644131727629648,83.73318626747998,6.151198840692583,-1.0,-1.8369701987210297e-16,2023,2.703287707087787,145.4299584497677
2023-10-01,88.70409115878019,13419.028111777616,92.76649932861328,85.10434756071672,80.35549964904786,83.36894788240132,93.59380958193825,88.8583126827034,3.833403270907396,82.91473749330572,7.19411842855125,83.32570973221681,5.573437626345072,-0.8660254037844386,0.5000000000000001,2023,-5.22440367049839,151.27857054256467
2023-11-01,82.02772730047053,13295.814332198295,88.70409115878019,92.76649932861328,85.10434756071672,75.63227358731356,91.11428578694661,87.83277259595468,5.422149315220939,83.98064644549855,6.320003718258871,82.56849652501047,5.007609265009945,-0.5000000000000004,0.8660254037844384,2023,-9.972704508405261,162.08926871148395
2023-12-01,77.32399978637696,13537.46239836099,82.02772730047053,88.70409115878019,92.76649932861328,74.92571367536273,81.3414284842355,82.68527274854256,5.718469587509693,84.38036079733426,5.675786163843108,82.23371080018892,5.226607872202516,-2.4492935982947064e-16,1.0,2023,-4.93896993539662,175.07452324971476
2024-01-01,79.19714319138299,13373.932909101874,77.32399978637696,82.02772730047053,88.70409115878019,80.35549964904786,83.87900009155274,79.5162900927435,2.368048603850265,84.18730138772345,5.8568822552990865,81.84355605850811,5.2672128706190335,0.49999999999999994,0.8660254037844387,2024,-5.581679437117238,168.8688804946315
2024-02-01,81.62399940490722,13586.204495930417,79.19714319138299,77.32399978637696,82.02772730047053,85.10434756071672,83.50947329872533,79.38171412755572,2.1559334411574005,83.6072433617552,5.91990013856574,81.68643323402327,5.2410574883471845,0.8660254037844386,0.5000000000000001,2024,-2.2577964143941975,166.44864984542298
2024-03-01,84.66549949645996,13392.301267093137,81.62399940490722,79.19714319138299,77.32399978637696,92.76649932861328,79.2069562829059,81.8288806975834,2.739929274248994,82.25707672306298,4.0377301722562775,82.14131183515278,5.2431736997343075,1.0,6.123233995736766e-17,2024,6.891494724349223,158.1789671913894
2024-04-01,88.99999930641867,13617.24556688892,84.66549949645996,81.62399940490722,79.19714319138299,88.70409115878019,83.36894788240132,85.09649940259528,3.706840207790558,82.30639474766939,4.132910377572181,82.61056612048755,5.6026915889822435,0.8660254037844387,-0.4999999999999998,2024,6.7543750605566055,153.00276037088514
2024-05-01,82.99181851473722,13551.050819196817,88.99999930641867,84.66549949645996,81.62399940490722,82.02772730047053,75.63227358731356,85.55243910587195,3.100734672532064,82.46707661671384,4.138646618432518,83.2238615311062,5.154229463928496,0.49999999999999994,-0.8660254037844387,2024,9.730693761212184,163.28176754905664
2024-06-01,82.88947416606702,13513.033187579282,82.99181851473722,88.99999930641867,84.66549949645996,77.32399978637696,74.92571367536273,84.96043066240763,3.498743304914784,83.39465567999551,3.292620295644035,83.88750823866489,4.45374539705619,1.2246467991473532e-16,-1.0,2024,10.628875055110697,163.0247184401997
2024-07-01,83.71772731434216,13409.299753633348,82.88947416606702,82.99181851473722,88.99999930641867,79.19714319138299,80.35549964904786,83.19967333171547,0.4515567938967054,84.14808636715537,2.5801573379610527,84.1676938774394,4.314942553697673,-0.4999999999999997,-0.8660254037844388,2024,4.184191100769463,160.17276368820066
2024-08-01,78.87500138716264,13608.577276007309,83.71772731434216,82.88947416606702,82.99181851473722,81.62399940490722,85.10434756071672,81.82740095585727,2.5901733975410517,83.6899200308646,3.26989208709231,83.6485816963099,4.559780356092639,-0.8660254037844385,-0.5000000000000004,2024,-7.319656812021059,172.53346480729422
2024-09-01,72.6384994506836,13560.426663076649,78.87500138716264,83.71772731434216,82.88947416606702,84.66549949645996,92.76649932861328,78.4104093840628,5.554206226881197,81.68542002323522,5.486984438997144,81.9712483731491,4.60268390118052,-1.0,-1.8369701987210297e-16,2024,-21.697487803898753,186.6837388660984
2024-10-01,75.37695710555367,13456.512088818756,72.6384994506836,78.87500138716264,83.71772731434216,88.99999930641867,88.70409115878019,75.63015264779997,3.125951069336624,79.41491298975772,4.602117172092548,80.86065386871356,4.435232427470257,-0.8660254037844386,0.5000000000000001,2024,-15.02426086455355,178.52288823459682
2024-11-01,73.40699996948243,13569.67647605962,75.37695710555367,72.6384994506836,78.87500138716264,82.99181851473722,82.02772730047053,73.80748550857324,1.412472683680794,77.81744323221525,4.772561582532661,80.14225992446454,4.902559362093224,-0.5000000000000004,0.8660254037844384,2024,-10.509528442023107,184.8553473333736
2024-12-01,73.12857164655414,13376.930144515243,73.40699996948243,75.37695710555367,72.6384994506836,82.88947416606702,77.32399978637696,73.97084290719675,1.2256624481755014,76.19062614562976,4.342062557102682,79.79264091281264,5.258485807819152,-2.4492935982947064e-16,1.0,2024,-5.425777444795321,182.9234435094504
2025-01-01,78.26333436511811,13346.428097502789,73.12857164655414,73.40699996948243,75.37695710555367,83.71772731434216,79.19714319138299,74.9329686603849,2.887539156132681,75.28156065409243,2.7183819893695715,79.7148235106239,5.274982958223074,0.49999999999999994,0.8660254037844387,2025,-1.1790940791996718,170.53232149857493
2025-02-01,74.94052605879934,13488.532024061453,78.26333436511811,73.12857164655414,73.40699996948243,78.87500138716264,81.62399940490722,75.44414402349054,2.604164037605613,74.6258147660319,2.0770881288714196,79.15786739844825,5.406279678110785,0.8660254037844386,0.5000000000000001,2025,-8.188122849694713,179.98982304285096
2025-03-01,71.46714237758091,13508.534013075194,74.94052605879934,78.26333436511811,73.12857164655414,72.6384994506836,84.66549949645996,74.89033426716612,3.3983739927833976,74.43058858718143,2.3396830984125283,78.05800430520831,5.5251763745651346,1.0,6.123233995736766e-17,2025,-15.588825669694295,189.01740805174256
2025-04-01,66.45666703723725,13551.348791114651,71.46714237758091,74.94052605879934,78.26333436511811,75.37695710555367,88.99999930641867,70.95477849120584,4.265073685000084,72.94387357579537,3.919093450444888,76.17939328277653,5.2942244086968335,0.8660254037844387,-0.4999999999999998,2025,-25.329587016699673,203.9125552823994
2025-05-01,63.97047624133882,13507.805618519247,66.45666703723725,71.46714237758091,74.94052605879934,73.40699996948243,82.99181851473722,67.29809521871901,3.81850780122444,71.37111962110477,5.334088694803125,74.59428142666,5.883833750300233,0.49999999999999994,-0.8660254037844387,2025,-22.91953907483145,211.1568712972981
2025-06-01,69.35,13648.885616344083,63.97047624133882,66.45666703723725,71.46714237758091,73.12857164655414,82.88947416606702,66.5923810928587,2.69232848964762,70.74135768001241,5.308091885159874,73.46599191282108,5.429132811940063,1.2246467991473532e-16,-1.0,2025,-16.33437092258665,196.81161667403148
2025-07-01,69.55304353133492,13345.139561871416,69.35,63.97047624133882,66.45666703723725,78.26333436511811,83.71772731434216,67.62450659089126,3.1661111817954835,69.28964254104854,3.822729221459257,72.28560159757049,4.448938021635064,-0.4999999999999997,-0.8660254037844388,2025,-16.919575145443066,191.86995829821862
2025-08-01,67.2614284697033,13568.19915172528,69.55304353133492,69.35,63.97047624133882,74.94052605879934,78.87500138716264,68.72149066701274,1.2685199580266646,68.00979294286587,2.661554858619207,71.31780385444887,4.137479262199724,-0.8660254037844385,-0.5000000000000004,2025,-14.724022457322594,201.72332732773927
2025-09-01,67.54857054210845,13527.077164375807,67.2614284697033,69.55304353133492,69.35,71.46714237758091,72.6384994506836,68.1210141810489,1.2484565220684813,67.3566976369538,2.0552192800189037,70.89364311206761,4.249171213059983,-1.0,-1.8369701987210297e-16,2025,-7.007205472396693,200.257045497999
2025-10-01,63.95391298376995,13662.745315478804,67.54857054210845,67.2614284697033,69.55304353133492,66.45666703723725,75.37695710555367,66.25463733186058,1.9976516305044965,66.9395719613759,2.4837293244219074,69.94172276858563,4.429199987092575,-0.8660254037844386,0.5000000000000001,2025,-15.154557255193424,213.63423562442688
2025-11-01,63.67947367617958,13514.989911593268,63.95391298376995,67.54857054210845,67.2614284697033,63.97047624133882,73.40699996948243,65.06065240068601,2.158965433303631,66.89107153384937,2.5551185675245085,69.13109557747707,4.623243234737231,-0.5000000000000004,0.8660254037844384,2025,-13.251496856358225,212.23463592552878
2025-12-01,61.665713900611514,13537.956453175417,63.67947367617958,63.95391298376995,67.54857054210845,69.35,73.12857164655414,63.09970018685369,1.2494265625611347,65.6103571839513,2.9684949785345562,68.17585743198184,4.898241871659897,-2.4492935982947064e-16,1.0,2025,-15.67493728900523,219.53782088690238
